<Bookstore> 
	<Book ISBN="ISBN-0-201-70857-4" Price="65" Edition="3rd"> 
		<Title>Database Systems</Title> 
		<Authors> 
			<Author> 
				<First_Name>Thomas</First_Name> 
				<Last_Name>Connolly</Last_Name>
			</Author>
			<Author> 
				<First_Name>Carolyn</First_Name>
				<Last_Name>Begg</Last_Name>
			</Author>
		</Authors> 
	</Book> 
	<Book ISBN="ISBN-0-13-031995-3" Price="75">
		<Title>Database Systems: The Complete Book</Title>
		<Authors> 
	    		<Author>
				<First_Name>Hector</First_Name>
				<Last_Name>Garcia-Molina</Last_Name>
			</Author>
	    		<Author>
				<First_Name>Jeffrey</First_Name>
				<Last_Name>Ullman</Last_Name>
			</Author>
        		<Author>
				<First_Name>Jennifer</First_Name>
				<Last_Name>Widom</Last_Name>
			</Author>
		</Authors> 
		<Remark> Amazon.com says: Buy these books together for a great deal!</Remark>
 	</Book> 
</Bookstore> 
